url_path,views_total,views_unique
/EarthSciML/EarthSciMLBase.jl/actions/runs/29110417579/job/86421127470,2,1
/EarthSciML/EarthSciMLBase.jl/pull/225,2,1
/EarthSciML/EarthSciMLBase.jl/actions/runs/16981826985/workflow,1,1
/EarthSciML/EarthSciMLBase.jl/actions/runs/18084802441/usage,1,1
/EarthSciML/EarthSciMLBase.jl/blob/1392c624f6d63ccbdb5d0852b8b5130baf57d4f8/src/advection.jl,1,1
/EarthSciML/EarthSciMLBase.jl/blob/main/docs/src/index.md,1,1
/EarthSciML/EarthSciMLBase.jl/commit/70decfcfcfb3ca7413e3272b951fb61a9f2ab5d6,1,1
/EarthSciML/EarthSciMLBase.jl/labels/documentation,1,1
/EarthSciML/EarthSciMLBase.jl/pull/226,1,1
/EarthSciML/EarthSciMLBase.jl/pull/227,1,1
